<?xml version="1.0" encoding="ASCII"?>
<archive xmlns="http://rs.tdwg.org/dwc/text/" xmlns:xsi="http://www.w3.org/2001/XMLSchema-instance" xmlns:xs="http://www.w3.org/2001/XMLSchema" xsi:schemaLocation="http://rs.tdwg.org/dwc/text/ http://rs.tdwg.org/dwc/text/tdwg_dwc_text.xsd" metadata="eml.xml">
  <core rowType="http://rs.tdwg.org/dwc/terms/Event" fieldsTerminatedBy="\t" linesTerminatedBy="\n" fieldsEnclosedBy="&quot;" encoding="ASCII" ignoreHeaderLines="1">
    <files>
      <location>event.txt</location>
    </files>
    <id index="0"/>
    <field index="1" term="http://purl.org/dc/terms/type"/>
    <field index="2" term="http://purl.org/dc/terms/modified"/>
    <field index="3" term="http://rs.tdwg.org/dwc/terms/ownerInstitutionCode"/>
    <field index="4" term="http://rs.tdwg.org/dwc/terms/dynamicProperties"/>
    <field index="5" term="http://rs.tdwg.org/dwc/terms/eventID"/>
    <field index="6" term="http://rs.tdwg.org/dwc/terms/parentEventID"/>
    <field index="7" term="http://rs.tdwg.org/dwc/terms/samplingProtocol"/>
    <field index="8" term="http://rs.tdwg.org/dwc/terms/sampleSizeValue"/>
    <field index="9" term="http://rs.tdwg.org/dwc/terms/sampleSizeUnit"/>
    <field index="10" term="http://rs.tdwg.org/dwc/terms/eventDate"/>
    <field index="11" term="http://rs.tdwg.org/dwc/terms/eventTime"/>
    <field index="12" term="http://rs.tdwg.org/dwc/terms/eventRemarks"/>
    <field index="13" term="http://rs.tdwg.org/dwc/terms/locationID"/>
    <field index="14" term="http://rs.tdwg.org/dwc/terms/country"/>
    <field index="15" term="http://rs.tdwg.org/dwc/terms/countryCode"/>
    <field index="16" term="http://rs.tdwg.org/dwc/terms/stateProvince"/>
    <field index="17" term="http://rs.tdwg.org/dwc/terms/municipality"/>
    <field index="18" term="http://rs.tdwg.org/dwc/terms/locality"/>
    <field index="19" term="http://rs.tdwg.org/dwc/terms/verbatimLocality"/>
    <field index="20" term="http://rs.tdwg.org/dwc/terms/locationRemarks"/>
    <field index="21" term="http://rs.tdwg.org/dwc/terms/decimalLatitude"/>
    <field index="22" term="http://rs.tdwg.org/dwc/terms/decimalLongitude"/>
    <field index="23" term="http://rs.tdwg.org/dwc/terms/geodeticDatum"/>
    <field index="24" term="http://rs.tdwg.org/dwc/terms/coordinateUncertaintyInMeters"/>
    <field index="25" term="http://rs.tdwg.org/dwc/terms/footprintWKT"/>
    <field index="26" term="http://rs.tdwg.org/dwc/terms/footprintSRS"/>
  </core>
  <extension rowType="http://rs.tdwg.org/dwc/terms/Occurrence" fieldsTerminatedBy="\t" linesTerminatedBy="\n" fieldsEnclosedBy="&quot;" encoding="ASCII" ignoreHeaderLines="1">
    <files>
      <location>occurrence.txt</location>
    </files>
    <coreid index="0"/>
    <field index="1" term="http://purl.org/dc/terms/modified"/>
    <field index="2" term="http://rs.tdwg.org/dwc/terms/basisOfRecord"/>
    <field index="3" term="http://rs.tdwg.org/dwc/terms/occurrenceID"/>
    <field index="4" term="http://rs.tdwg.org/dwc/terms/individualCount"/>
    <field index="5" term="http://rs.tdwg.org/dwc/terms/sex"/>
    <field index="6" term="http://rs.tdwg.org/dwc/terms/lifeStage"/>
    <field index="7" term="http://rs.tdwg.org/dwc/terms/eventID"/>
    <field index="8" term="http://rs.tdwg.org/dwc/terms/taxonID"/>
    <field index="9" term="http://rs.tdwg.org/dwc/terms/scientificName"/>
    <field index="10" term="http://rs.tdwg.org/dwc/terms/kingdom"/>
    <field index="11" term="http://rs.tdwg.org/dwc/terms/phylum"/>
    <field index="12" term="http://rs.tdwg.org/dwc/terms/class"/>
    <field index="13" term="http://rs.tdwg.org/dwc/terms/order"/>
    <field index="14" term="http://rs.tdwg.org/dwc/terms/family"/>
    <field index="15" term="http://rs.tdwg.org/dwc/terms/genus"/>
    <field index="16" term="http://rs.tdwg.org/dwc/terms/specificEpithet"/>
  </extension>
</archive>
